{
  "project_info": {
    "project_number": "552334980650",
    "project_id": "farmersfriend-399bc",
    "storage_bucket": "farmersfriend-399bc.appspot.com"
  },
  "client": [
    {
      "client_info": {
        "mobilesdk_app_id": "1:552334980650:android:368a9cc61c7be77088b553",
        "android_client_info": {
          "package_name": "com.example.app"
        }
      },
      "oauth_client": [],
      "api_key": [
        {
          "current_key": "AIzaSyDHgD_LZjTIYsrQpNfifvCvNSJEcDBENfc"
        }
      ],
      "services": {
        "appinvite_service": {
          "other_platform_oauth_client": []
        }
      }
    },
    {
      "client_info": {
        "mobilesdk_app_id": "1:552334980650:android:c2f8b9b67c23e2f488b553",
        "android_client_info": {
          "package_name": "com.example.chatapp"
        }
      },
      "oauth_client": [],
      "api_key": [
        {
          "current_key": "AIzaSyDHgD_LZjTIYsrQpNfifvCvNSJEcDBENfc"
        }
      ],
      "services": {
        "appinvite_service": {
          "other_platform_oauth_client": []
        }
      }
    },
    {
      "client_info": {
        "mobilesdk_app_id": "1:552334980650:android:4bed22104234826088b553",
        "android_client_info": {
          "package_name": "com.example.farmapp"
        }
      },
      "oauth_client": [],
      "api_key": [
        {
          "current_key": "AIzaSyDHgD_LZjTIYsrQpNfifvCvNSJEcDBENfc"
        }
      ],
      "services": {
        "appinvite_service": {
          "other_platform_oauth_client": []
        }
      }
    },
    {
      "client_info": {
        "mobilesdk_app_id": "1:552334980650:android:a7dbb801da853a7588b553",
        "android_client_info": {
          "package_name": "com.example.farmers_friend"
        }
      },
      "oauth_client": [],
      "api_key": [
        {
          "current_key": "AIzaSyDHgD_LZjTIYsrQpNfifvCvNSJEcDBENfc"
        }
      ],
      "services": {
        "appinvite_service": {
          "other_platform_oauth_client": []
        }
      }
    },
    {
      "client_info": {
        "mobilesdk_app_id": "1:552334980650:android:4ef6e9f5ead2bed288b553",
        "android_client_info": {
          "package_name": "com.example.mini_project"
        }
      },
      "oauth_client": [],
      "api_key": [
        {
          "current_key": "AIzaSyDHgD_LZjTIYsrQpNfifvCvNSJEcDBENfc"
        }
      ],
      "services": {
        "appinvite_service": {
          "other_platform_oauth_client": []
        }
      }
    }
  ],
  "configuration_version": "1"
}