{"v":"4.8.0","meta":{"g":"LottieFiles AE ","a":"","k":"","d":"","tc":""},"fr":60,"ip":0,"op":60,"w":300,"h":300,"nm":"sunny-icon","ddd":0,"assets":[],"layers":[{"ddd":0,"ind":1,"ty":3,"nm":"Null 2","sr":1,"ks":{"o":{"a":0,"k":0,"ix":11},"r":{"a":1,"k":[{"i":{"x":[0.833],"y":[0.833]},"o":{"x":[0.167],"y":[0.167]},"t":0,"s":[0]},{"t":60,"s":[90]}],"ix":10},"p":{"a":0,"k":[150,150,0],"ix":2},"a":{"a":0,"k":[50,50,0],"ix":1},"s":{"a":0,"k":[100,100,100],"ix":6}},"ao":0,"ip":0,"op":60,"st":0,"bm":0},{"ddd":0,"ind":2,"ty":4,"nm":"12+","parent":1,"sr":1,"ks":{"o":{"a":1,"k":[{"i":{"x":[0.667],"y":[1]},"o":{"x":[0.333],"y":[0]},"t":0,"s":[100]},{"i":{"x":[0.667],"y":[1]},"o":{"x":[0.333],"y":[0]},"t":10,"s":[80]},{"i":{"x":[0.667],"y":[1]},"o":{"x":[0.333],"y":[0]},"t":20,"s":[100]},{"i":{"x":[0.667],"y":[1]},"o":{"x":[0.333],"y":[0]},"t":30,"s":[60]},{"i":{"x":[0.667],"y":[1]},"o":{"x":[0.333],"y":[0]},"t":40,"s":[100]},{"i":{"x":[0.667],"y":[1]},"o":{"x":[0.333],"y":[0]},"t":50,"s":[80]},{"t":60,"s":[90]}],"ix":11},"r":{"a":0,"k":446.027,"ix":10},"p":{"a":0,"k":[138.627,44.031,0],"ix":2},"a":{"a":0,"k":[0,20.75,0],"ix":1},"s":{"a":0,"k":[100,100,100],"ix":6}},"ao":0,"shapes":[{"ty":"gr","it":[{"ind":0,"ty":"sh","ix":1,"ks":{"a":1,"k":[{"i":{"x":0.667,"y":1},"o":{"x":0.167,"y":0.167},"t":28,"s":[{"i":[[-3.525,0],[0,3.525],[0,0],[3.525,0],[0,-3.525],[0,0]],"o":[[3.525,0],[0,0],[0,-3.525],[-3.525,0],[0,0],[0,3.525]],"v":[[0,21.319],[6.383,14.936],[6.383,-21.186],[0,-27.569],[-6.383,-21.186],[-6.383,14.936]],"c":true}]},{"i":{"x":0.667,"y":1},"o":{"x":0.333,"y":0},"t":32.801,"s":[{"i":[[-3.525,0],[0,3.525],[0,0],[3.525,0],[0,-3.525],[0,0]],"o":[[3.525,0],[0,0],[0,-3.525],[-3.525,0],[0,0],[0,3.525]],"v":[[0,21.319],[6.383,14.936],[6.383,-4.824],[0,-11.207],[-6.383,-4.824],[-6.383,14.936]],"c":true}]},{"t":37,"s":[{"i":[[-3.525,0],[0,3.525],[0,0],[3.525,0],[0,-3.525],[0,0]],"o":[[3.525,0],[0,0],[0,-3.525],[-3.525,0],[0,0],[0,3.525]],"v":[[0,21.319],[6.383,14.936],[6.383,-21.186],[0,-27.569],[-6.383,-21.186],[-6.383,14.936]],"c":true}]}],"ix":2},"nm":"Path 1","mn":"ADBE Vector Shape - Group","hd":false},{"ty":"gf","o":{"a":0,"k":100,"ix":10},"r":1,"bm":0,"g":{"p":3,"k":{"a":0,"k":[0,0.992,0.332,0.005,0.5,0.981,0.456,0.006,1,0.969,0.581,0.006],"ix":9}},"s":{"a":0,"k":[-1,20.468],"ix":5},"e":{"a":0,"k":[-1,-22.17],"ix":6},"t":1,"nm":"Gradient Fill 1","mn":"ADBE Vector Graphic - G-Fill","hd":false},{"ty":"tr","p":{"a":0,"k":[0,21.25],"ix":2},"a":{"a":0,"k":[0,21.25],"ix":1},"s":{"a":0,"k":[100,100],"ix":3},"r":{"a":0,"k":0,"ix":6},"o":{"a":0,"k":100,"ix":7},"sk":{"a":0,"k":0,"ix":4},"sa":{"a":0,"k":0,"ix":5},"nm":"Transform"}],"nm":"Group 1","np":2,"cix":2,"bm":0,"ix":1,"mn":"ADBE Vector Group","hd":false}],"ip":0,"op":60,"st":0,"bm":0},{"ddd":0,"ind":3,"ty":4,"nm":"11+","parent":1,"sr":1,"ks":{"o":{"a":1,"k":[{"i":{"x":[0.667],"y":[1]},"o":{"x":[0.333],"y":[0]},"t":0,"s":[100]},{"i":{"x":[0.667],"y":[1]},"o":{"x":[0.333],"y":[0]},"t":10,"s":[80]},{"i":{"x":[0.667],"y":[1]},"o":{"x":[0.333],"y":[0]},"t":20,"s":[100]},{"i":{"x":[0.667],"y":[1]},"o":{"x":[0.333],"y":[0]},"t":30,"s":[60]},{"i":{"x":[0.667],"y":[1]},"o":{"x":[0.333],"y":[0]},"t":40,"s":[100]},{"i":{"x":[0.667],"y":[1]},"o":{"x":[0.333],"y":[0]},"t":50,"s":[80]},{"t":60,"s":[90]}],"ix":11},"r":{"a":0,"k":415.892,"ix":10},"p":{"a":0,"k":[124.383,-0.424,0],"ix":2},"a":{"a":0,"k":[0,20.75,0],"ix":1},"s":{"a":0,"k":[100,100,100],"ix":6}},"ao":0,"shapes":[{"ty":"gr","it":[{"ind":0,"ty":"sh","ix":1,"ks":{"a":1,"k":[{"i":{"x":0.667,"y":1},"o":{"x":0.167,"y":0.167},"t":31,"s":[{"i":[[-3.525,0],[0,3.525],[0,0],[3.525,0],[0,-3.525],[0,0]],"o":[[3.525,0],[0,0],[0,-3.525],[-3.525,0],[0,0],[0,3.525]],"v":[[0,21.319],[6.383,14.936],[6.383,5.814],[0,-0.569],[-6.383,5.814],[-6.383,14.936]],"c":true}]},{"i":{"x":0.667,"y":1},"o":{"x":0.333,"y":0},"t":39,"s":[{"i":[[-3.525,0],[0,3.525],[0,0],[3.525,0],[0,-3.525],[0,0]],"o":[[3.525,0],[0,0],[0,-3.525],[-3.525,0],[0,0],[0,3.525]],"v":[[0,21.319],[6.383,14.936],[6.383,-15.46],[0,-21.843],[-6.383,-15.46],[-6.383,14.936]],"c":true}]},{"t":46,"s":[{"i":[[-3.525,0],[0,3.525],[0,0],[3.525,0],[0,-3.525],[0,0]],"o":[[3.525,0],[0,0],[0,-3.525],[-3.525,0],[0,0],[0,3.525]],"v":[[0,21.319],[6.383,14.936],[6.383,5.814],[0,-0.569],[-6.383,5.814],[-6.383,14.936]],"c":true}]}],"ix":2},"nm":"Path 1","mn":"ADBE Vector Shape - Group","hd":false},{"ty":"gf","o":{"a":0,"k":100,"ix":10},"r":1,"bm":0,"g":{"p":3,"k":{"a":0,"k":[0,0.992,0.332,0.005,0.5,0.981,0.456,0.006,1,0.969,0.581,0.006],"ix":9}},"s":{"a":0,"k":[-1,20.468],"ix":5},"e":{"a":0,"k":[-1,-22.17],"ix":6},"t":1,"nm":"Gradient Fill 1","mn":"ADBE Vector Graphic - G-Fill","hd":false},{"ty":"tr","p":{"a":0,"k":[0,21.25],"ix":2},"a":{"a":0,"k":[0,21.25],"ix":1},"s":{"a":0,"k":[100,100],"ix":3},"r":{"a":0,"k":0,"ix":6},"o":{"a":0,"k":100,"ix":7},"sk":{"a":0,"k":0,"ix":4},"sa":{"a":0,"k":0,"ix":5},"nm":"Transform"}],"nm":"Group 1","np":2,"cix":2,"bm":0,"ix":1,"mn":"ADBE Vector Group","hd":false}],"ip":0,"op":60,"st":0,"bm":0},{"ddd":0,"ind":4,"ty":4,"nm":"10+","parent":1,"sr":1,"ks":{"o":{"a":1,"k":[{"i":{"x":[0.667],"y":[1]},"o":{"x":[0.333],"y":[0]},"t":0,"s":[100]},{"i":{"x":[0.667],"y":[1]},"o":{"x":[0.333],"y":[0]},"t":10,"s":[80]},{"i":{"x":[0.667],"y":[1]},"o":{"x":[0.333],"y":[0]},"t":20,"s":[100]},{"i":{"x":[0.667],"y":[1]},"o":{"x":[0.333],"y":[0]},"t":30,"s":[60]},{"i":{"x":[0.667],"y":[1]},"o":{"x":[0.333],"y":[0]},"t":40,"s":[100]},{"i":{"x":[0.667],"y":[1]},"o":{"x":[0.333],"y":[0]},"t":50,"s":[80]},{"t":60,"s":[90]}],"ix":11},"r":{"a":0,"k":385.932,"ix":10},"p":{"a":0,"k":[89.107,-30.782,0],"ix":2},"a":{"a":0,"k":[0,20.75,0],"ix":1},"s":{"a":0,"k":[100,100,100],"ix":6}},"ao":0,"shapes":[{"ty":"gr","it":[{"ind":0,"ty":"sh","ix":1,"ks":{"a":1,"k":[{"i":{"x":0.667,"y":1},"o":{"x":0.167,"y":0.167},"t":36,"s":[{"i":[[-3.525,0],[0,3.525],[0,0],[3.525,0],[0,-3.525],[0,0]],"o":[[3.525,0],[0,0],[0,-3.525],[-3.525,0],[0,0],[0,3.525]],"v":[[0,21.319],[6.383,14.936],[6.383,-9.436],[0,-15.819],[-6.383,-9.436],[-6.383,14.936]],"c":true}]},{"i":{"x":0.667,"y":1},"o":{"x":0.333,"y":0},"t":47.199,"s":[{"i":[[-3.525,0],[0,3.525],[0,0],[3.525,0],[0,-3.525],[0,0]],"o":[[3.525,0],[0,0],[0,-3.525],[-3.525,0],[0,0],[0,3.525]],"v":[[0,21.319],[6.383,14.936],[6.133,6.54],[-0.25,0.157],[-6.633,6.54],[-6.383,14.936]],"c":true}]},{"t":57,"s":[{"i":[[-3.525,0],[0,3.525],[0,0],[3.525,0],[0,-3.525],[0,0]],"o":[[3.525,0],[0,0],[0,-3.525],[-3.525,0],[0,0],[0,3.525]],"v":[[0,21.319],[6.383,14.936],[6.383,-9.436],[0,-15.819],[-6.383,-9.436],[-6.383,14.936]],"c":true}]}],"ix":2},"nm":"Path 1","mn":"ADBE Vector Shape - Group","hd":false},{"ty":"gf","o":{"a":0,"k":100,"ix":10},"r":1,"bm":0,"g":{"p":3,"k":{"a":0,"k":[0,0.992,0.332,0.005,0.5,0.981,0.456,0.006,1,0.969,0.581,0.006],"ix":9}},"s":{"a":0,"k":[-1,20.468],"ix":5},"e":{"a":0,"k":[-1,-22.17],"ix":6},"t":1,"nm":"Gradient Fill 1","mn":"ADBE Vector Graphic - G-Fill","hd":false},{"ty":"tr","p":{"a":0,"k":[0,21.25],"ix":2},"a":{"a":0,"k":[0,21.25],"ix":1},"s":{"a":0,"k":[100,100],"ix":3},"r":{"a":0,"k":0,"ix":6},"o":{"a":0,"k":100,"ix":7},"sk":{"a":0,"k":0,"ix":4},"sa":{"a":0,"k":0,"ix":5},"nm":"Transform"}],"nm":"Group 1","np":2,"cix":2,"bm":0,"ix":1,"mn":"ADBE Vector Group","hd":false}],"ip":0,"op":60,"st":0,"bm":0},{"ddd":0,"ind":5,"ty":4,"nm":"9+","parent":1,"sr":1,"ks":{"o":{"a":1,"k":[{"i":{"x":[0.667],"y":[1]},"o":{"x":[0.333],"y":[0]},"t":0,"s":[100]},{"i":{"x":[0.667],"y":[1]},"o":{"x":[0.333],"y":[0]},"t":10,"s":[80]},{"i":{"x":[0.667],"y":[1]},"o":{"x":[0.333],"y":[0]},"t":20,"s":[100]},{"i":{"x":[0.667],"y":[1]},"o":{"x":[0.333],"y":[0]},"t":30,"s":[60]},{"i":{"x":[0.667],"y":[1]},"o":{"x":[0.333],"y":[0]},"t":40,"s":[100]},{"i":{"x":[0.667],"y":[1]},"o":{"x":[0.333],"y":[0]},"t":50,"s":[80]},{"t":60,"s":[90]}],"ix":11},"r":{"a":0,"k":356.043,"ix":10},"p":{"a":0,"k":[43.684,-39.63,0],"ix":2},"a":{"a":0,"k":[0,20.75,0],"ix":1},"s":{"a":0,"k":[100,100,100],"ix":6}},"ao":0,"shapes":[{"ty":"gr","it":[{"ind":0,"ty":"sh","ix":1,"ks":{"a":1,"k":[{"i":{"x":0.667,"y":1},"o":{"x":0.167,"y":0.167},"t":11,"s":[{"i":[[-3.525,0],[0,3.525],[0,0],[3.525,0],[0,-3.525],[0,0]],"o":[[3.525,0],[0,0],[0,-3.525],[-3.525,0],[0,0],[0,3.525]],"v":[[0,21.319],[6.383,14.936],[6.383,13.189],[0,6.806],[-6.383,13.189],[-6.383,14.936]],"c":true}]},{"i":{"x":0.667,"y":1},"o":{"x":0.333,"y":0},"t":28.604,"s":[{"i":[[-3.525,0],[0,3.525],[0,0],[3.525,0],[0,-3.525],[0,0]],"o":[[3.525,0],[0,0],[0,-3.525],[-3.525,0],[0,0],[0,3.525]],"v":[[0,21.319],[6.383,14.936],[6.383,1.189],[0,-5.194],[-6.383,1.189],[-6.383,14.936]],"c":true}]},{"t":44,"s":[{"i":[[-3.525,0],[0,3.525],[0,0],[3.525,0],[0,-3.525],[0,0]],"o":[[3.525,0],[0,0],[0,-3.525],[-3.525,0],[0,0],[0,3.525]],"v":[[0,21.319],[6.383,14.936],[6.383,13.189],[0,6.806],[-6.383,13.189],[-6.383,14.936]],"c":true}]}],"ix":2},"nm":"Path 1","mn":"ADBE Vector Shape - Group","hd":false},{"ty":"gf","o":{"a":0,"k":100,"ix":10},"r":1,"bm":0,"g":{"p":3,"k":{"a":0,"k":[0,0.992,0.332,0.005,0.5,0.981,0.456,0.006,1,0.969,0.581,0.006],"ix":9}},"s":{"a":0,"k":[-1,20.468],"ix":5},"e":{"a":0,"k":[-1,-22.17],"ix":6},"t":1,"nm":"Gradient Fill 1","mn":"ADBE Vector Graphic - G-Fill","hd":false},{"ty":"tr","p":{"a":0,"k":[0,21.25],"ix":2},"a":{"a":0,"k":[0,21.25],"ix":1},"s":{"a":0,"k":[100,100],"ix":3},"r":{"a":0,"k":0,"ix":6},"o":{"a":0,"k":100,"ix":7},"sk":{"a":0,"k":0,"ix":4},"sa":{"a":0,"k":0,"ix":5},"nm":"Transform"}],"nm":"Group 1","np":2,"cix":2,"bm":0,"ix":1,"mn":"ADBE Vector Group","hd":false}],"ip":0,"op":60,"st":0,"bm":0},{"ddd":0,"ind":6,"ty":4,"nm":"8+","parent":1,"sr":1,"ks":{"o":{"a":1,"k":[{"i":{"x":[0.667],"y":[1]},"o":{"x":[0.333],"y":[0]},"t":0,"s":[100]},{"i":{"x":[0.667],"y":[1]},"o":{"x":[0.333],"y":[0]},"t":10,"s":[80]},{"i":{"x":[0.667],"y":[1]},"o":{"x":[0.333],"y":[0]},"t":20,"s":[100]},{"i":{"x":[0.667],"y":[1]},"o":{"x":[0.333],"y":[0]},"t":30,"s":[60]},{"i":{"x":[0.667],"y":[1]},"o":{"x":[0.333],"y":[0]},"t":40,"s":[100]},{"i":{"x":[0.667],"y":[1]},"o":{"x":[0.333],"y":[0]},"t":50,"s":[80]},{"t":60,"s":[90]}],"ix":11},"r":{"a":0,"k":326.131,"ix":10},"p":{"a":0,"k":[-0.265,-23.925,0],"ix":2},"a":{"a":0,"k":[0,20.75,0],"ix":1},"s":{"a":0,"k":[100,100,100],"ix":6}},"ao":0,"shapes":[{"ty":"gr","it":[{"ind":0,"ty":"sh","ix":1,"ks":{"a":1,"k":[{"i":{"x":0.667,"y":1},"o":{"x":0.167,"y":0.167},"t":26,"s":[{"i":[[-3.525,0],[0,3.525],[0,0],[3.525,0],[0,-3.525],[0,0]],"o":[[3.525,0],[0,0],[0,-3.525],[-3.525,0],[0,0],[0,3.525]],"v":[[0,21.319],[6.383,14.936],[6.383,-1.186],[0,-7.569],[-6.383,-1.186],[-6.383,14.936]],"c":true}]},{"i":{"x":0.667,"y":1},"o":{"x":0.333,"y":0},"t":36.666,"s":[{"i":[[-3.525,0],[0,3.525],[0,0],[3.525,0],[0,-3.525],[0,0]],"o":[[3.525,0],[0,0],[0,-3.525],[-3.525,0],[0,0],[0,3.525]],"v":[[0,21.319],[6.383,14.936],[6.383,-18.819],[0,-25.202],[-6.383,-18.819],[-6.383,14.936]],"c":true}]},{"t":46,"s":[{"i":[[-3.525,0],[0,3.525],[0,0],[3.525,0],[0,-3.525],[0,0]],"o":[[3.525,0],[0,0],[0,-3.525],[-3.525,0],[0,0],[0,3.525]],"v":[[0,21.319],[6.383,14.936],[6.383,-1.186],[0,-7.569],[-6.383,-1.186],[-6.383,14.936]],"c":true}]}],"ix":2},"nm":"Path 1","mn":"ADBE Vector Shape - Group","hd":false},{"ty":"gf","o":{"a":0,"k":100,"ix":10},"r":1,"bm":0,"g":{"p":3,"k":{"a":0,"k":[0,0.992,0.332,0.005,0.5,0.981,0.456,0.006,1,0.969,0.581,0.006],"ix":9}},"s":{"a":0,"k":[-1,20.468],"ix":5},"e":{"a":0,"k":[-1,-22.17],"ix":6},"t":1,"nm":"Gradient Fill 1","mn":"ADBE Vector Graphic - G-Fill","hd":false},{"ty":"tr","p":{"a":0,"k":[0,21.25],"ix":2},"a":{"a":0,"k":[0,21.25],"ix":1},"s":{"a":0,"k":[100,100],"ix":3},"r":{"a":0,"k":0,"ix":6},"o":{"a":0,"k":100,"ix":7},"sk":{"a":0,"k":0,"ix":4},"sa":{"a":0,"k":0,"ix":5},"nm":"Transform"}],"nm":"Group 1","np":2,"cix":2,"bm":0,"ix":1,"mn":"ADBE Vector Group","hd":false}],"ip":0,"op":60,"st":0,"bm":0},{"ddd":0,"ind":7,"ty":4,"nm":"7+","parent":1,"sr":1,"ks":{"o":{"a":1,"k":[{"i":{"x":[0.667],"y":[1]},"o":{"x":[0.333],"y":[0]},"t":0,"s":[100]},{"i":{"x":[0.667],"y":[1]},"o":{"x":[0.333],"y":[0]},"t":10,"s":[80]},{"i":{"x":[0.667],"y":[1]},"o":{"x":[0.333],"y":[0]},"t":20,"s":[100]},{"i":{"x":[0.667],"y":[1]},"o":{"x":[0.333],"y":[0]},"t":30,"s":[60]},{"i":{"x":[0.667],"y":[1]},"o":{"x":[0.333],"y":[0]},"t":40,"s":[100]},{"i":{"x":[0.667],"y":[1]},"o":{"x":[0.333],"y":[0]},"t":50,"s":[80]},{"t":60,"s":[90]}],"ix":11},"r":{"a":0,"k":295.932,"ix":10},"p":{"a":0,"k":[-30.63,10.792,0],"ix":2},"a":{"a":0,"k":[0,20.75,0],"ix":1},"s":{"a":0,"k":[100,100,100],"ix":6}},"ao":0,"shapes":[{"ty":"gr","it":[{"ind":0,"ty":"sh","ix":1,"ks":{"a":1,"k":[{"i":{"x":0.667,"y":1},"o":{"x":0.167,"y":0.167},"t":2,"s":[{"i":[[-3.525,0],[0,3.525],[0,0],[3.525,0],[0,-3.525],[0,0]],"o":[[3.525,0],[0,0],[0,-3.525],[-3.525,0],[0,0],[0,3.525]],"v":[[0,21.319],[6.383,14.936],[6.133,-10.061],[-0.25,-16.444],[-6.633,-10.061],[-6.383,14.936]],"c":true}]},{"i":{"x":0.667,"y":1},"o":{"x":0.333,"y":0},"t":7.867,"s":[{"i":[[-3.525,0],[0,3.525],[0,0],[3.525,0],[0,-3.525],[0,0]],"o":[[3.525,0],[0,0],[0,-3.525],[-3.525,0],[0,0],[0,3.525]],"v":[[0,21.319],[6.383,14.936],[6.377,9.943],[-0.006,3.56],[-6.389,9.943],[-6.383,14.936]],"c":true}]},{"t":13,"s":[{"i":[[-3.525,0],[0,3.525],[0,0],[3.525,0],[0,-3.525],[0,0]],"o":[[3.525,0],[0,0],[0,-3.525],[-3.525,0],[0,0],[0,3.525]],"v":[[0,21.319],[6.383,14.936],[6.133,-10.061],[-0.25,-16.444],[-6.633,-10.061],[-6.383,14.936]],"c":true}]}],"ix":2},"nm":"Path 1","mn":"ADBE Vector Shape - Group","hd":false},{"ty":"gf","o":{"a":0,"k":100,"ix":10},"r":1,"bm":0,"g":{"p":3,"k":{"a":0,"k":[0,0.992,0.332,0.005,0.5,0.981,0.456,0.006,1,0.969,0.581,0.006],"ix":9}},"s":{"a":0,"k":[-1,20.468],"ix":5},"e":{"a":0,"k":[-1,-22.17],"ix":6},"t":1,"nm":"Gradient Fill 1","mn":"ADBE Vector Graphic - G-Fill","hd":false},{"ty":"tr","p":{"a":0,"k":[0,21.25],"ix":2},"a":{"a":0,"k":[0,21.25],"ix":1},"s":{"a":0,"k":[100,100],"ix":3},"r":{"a":0,"k":0,"ix":6},"o":{"a":0,"k":100,"ix":7},"sk":{"a":0,"k":0,"ix":4},"sa":{"a":0,"k":0,"ix":5},"nm":"Transform"}],"nm":"Group 1","np":2,"cix":2,"bm":0,"ix":1,"mn":"ADBE Vector Group","hd":false}],"ip":0,"op":60,"st":0,"bm":0},{"ddd":0,"ind":8,"ty":4,"nm":"6+","parent":1,"sr":1,"ks":{"o":{"a":1,"k":[{"i":{"x":[0.667],"y":[1]},"o":{"x":[0.333],"y":[0]},"t":0,"s":[100]},{"i":{"x":[0.667],"y":[1]},"o":{"x":[0.333],"y":[0]},"t":10,"s":[80]},{"i":{"x":[0.667],"y":[1]},"o":{"x":[0.333],"y":[0]},"t":20,"s":[100]},{"i":{"x":[0.667],"y":[1]},"o":{"x":[0.333],"y":[0]},"t":30,"s":[60]},{"i":{"x":[0.667],"y":[1]},"o":{"x":[0.333],"y":[0]},"t":40,"s":[100]},{"i":{"x":[0.667],"y":[1]},"o":{"x":[0.333],"y":[0]},"t":50,"s":[80]},{"t":60,"s":[90]}],"ix":11},"r":{"a":0,"k":265.818,"ix":10},"p":{"a":0,"k":[-39.295,56.339,0],"ix":2},"a":{"a":0,"k":[0,20.75,0],"ix":1},"s":{"a":0,"k":[100,100,100],"ix":6}},"ao":0,"shapes":[{"ty":"gr","it":[{"ind":0,"ty":"sh","ix":1,"ks":{"a":1,"k":[{"i":{"x":0.667,"y":1},"o":{"x":0.167,"y":0.167},"t":40,"s":[{"i":[[-3.525,0],[0,3.525],[0,0],[3.525,0],[0,-3.525],[0,0]],"o":[[3.525,0],[0,0],[0,-3.525],[-3.525,0],[0,0],[0,3.525]],"v":[[0,21.319],[6.383,14.936],[6.383,6.314],[0,-0.069],[-6.383,6.314],[-6.383,14.936]],"c":true}]},{"i":{"x":0.833,"y":0.833},"o":{"x":0.333,"y":0},"t":48,"s":[{"i":[[-3.525,0],[0,3.525],[0,0],[3.525,0],[0,-3.525],[0,0]],"o":[[3.525,0],[0,0],[0,-3.525],[-3.525,0],[0,0],[0,3.525]],"v":[[0,21.319],[6.383,14.936],[6.383,-15.46],[0,-21.843],[-6.383,-15.46],[-6.383,14.936]],"c":true}]},{"t":55,"s":[{"i":[[-3.525,0],[0,3.525],[0,0],[3.525,0],[0,-3.525],[0,0]],"o":[[3.525,0],[0,0],[0,-3.525],[-3.525,0],[0,0],[0,3.525]],"v":[[0,21.319],[6.383,14.936],[6.383,-15.374],[0,-21.757],[-6.383,-15.374],[-6.383,14.936]],"c":true}]}],"ix":2},"nm":"Path 1","mn":"ADBE Vector Shape - Group","hd":false},{"ty":"gf","o":{"a":0,"k":100,"ix":10},"r":1,"bm":0,"g":{"p":3,"k":{"a":0,"k":[0,0.992,0.332,0.005,0.5,0.981,0.456,0.006,1,0.969,0.581,0.006],"ix":9}},"s":{"a":0,"k":[-1,20.468],"ix":5},"e":{"a":0,"k":[-1,-22.17],"ix":6},"t":1,"nm":"Gradient Fill 1","mn":"ADBE Vector Graphic - G-Fill","hd":false},{"ty":"tr","p":{"a":0,"k":[0,21.25],"ix":2},"a":{"a":0,"k":[0,21.25],"ix":1},"s":{"a":0,"k":[100,100],"ix":3},"r":{"a":0,"k":0,"ix":6},"o":{"a":0,"k":100,"ix":7},"sk":{"a":0,"k":0,"ix":4},"sa":{"a":0,"k":0,"ix":5},"nm":"Transform"}],"nm":"Group 1","np":2,"cix":2,"bm":0,"ix":1,"mn":"ADBE Vector Group","hd":false}],"ip":0,"op":60,"st":0,"bm":0},{"ddd":0,"ind":9,"ty":4,"nm":"5+","parent":1,"sr":1,"ks":{"o":{"a":1,"k":[{"i":{"x":[0.667],"y":[1]},"o":{"x":[0.333],"y":[0]},"t":0,"s":[100]},{"i":{"x":[0.667],"y":[1]},"o":{"x":[0.333],"y":[0]},"t":10,"s":[80]},{"i":{"x":[0.667],"y":[1]},"o":{"x":[0.333],"y":[0]},"t":20,"s":[100]},{"i":{"x":[0.667],"y":[1]},"o":{"x":[0.333],"y":[0]},"t":30,"s":[60]},{"i":{"x":[0.667],"y":[1]},"o":{"x":[0.333],"y":[0]},"t":40,"s":[100]},{"i":{"x":[0.667],"y":[1]},"o":{"x":[0.333],"y":[0]},"t":50,"s":[80]},{"t":60,"s":[90]}],"ix":11},"r":{"a":0,"k":235.983,"ix":10},"p":{"a":0,"k":[-24.245,100.422,0],"ix":2},"a":{"a":0,"k":[0,20.75,0],"ix":1},"s":{"a":0,"k":[100,100,100],"ix":6}},"ao":0,"shapes":[{"ty":"gr","it":[{"ind":0,"ty":"sh","ix":1,"ks":{"a":1,"k":[{"i":{"x":0.667,"y":1},"o":{"x":0.167,"y":0.167},"t":10,"s":[{"i":[[-3.525,0],[0,3.525],[0,0],[3.525,0],[0,-3.525],[0,0]],"o":[[3.525,0],[0,0],[0,-3.525],[-3.525,0],[0,0],[0,3.525]],"v":[[0,21.319],[6.383,14.936],[6.383,-3.311],[0,-9.694],[-6.383,-3.311],[-6.383,14.936]],"c":true}]},{"i":{"x":0.667,"y":1},"o":{"x":0.333,"y":0},"t":16.4,"s":[{"i":[[-3.525,0],[0,3.525],[0,0],[3.525,0],[0,-3.525],[0,0]],"o":[[3.525,0],[0,0],[0,-3.525],[-3.525,0],[0,0],[0,3.525]],"v":[[0,21.319],[6.383,14.936],[6.383,-13.346],[0,-19.729],[-6.383,-13.346],[-6.383,14.936]],"c":true}]},{"t":22,"s":[{"i":[[-3.525,0],[0,3.525],[0,0],[3.525,0],[0,-3.525],[0,0]],"o":[[3.525,0],[0,0],[0,-3.525],[-3.525,0],[0,0],[0,3.525]],"v":[[0,21.319],[6.383,14.936],[6.383,-3.311],[0,-9.694],[-6.383,-3.311],[-6.383,14.936]],"c":true}]}],"ix":2},"nm":"Path 1","mn":"ADBE Vector Shape - Group","hd":false},{"ty":"gf","o":{"a":0,"k":100,"ix":10},"r":1,"bm":0,"g":{"p":3,"k":{"a":0,"k":[0,0.992,0.332,0.005,0.5,0.981,0.456,0.006,1,0.969,0.581,0.006],"ix":9}},"s":{"a":0,"k":[-1,20.468],"ix":5},"e":{"a":0,"k":[-1,-22.17],"ix":6},"t":1,"nm":"Gradient Fill 1","mn":"ADBE Vector Graphic - G-Fill","hd":false},{"ty":"tr","p":{"a":0,"k":[0,21.25],"ix":2},"a":{"a":0,"k":[0,21.25],"ix":1},"s":{"a":0,"k":[100,100],"ix":3},"r":{"a":0,"k":0,"ix":6},"o":{"a":0,"k":100,"ix":7},"sk":{"a":0,"k":0,"ix":4},"sa":{"a":0,"k":0,"ix":5},"nm":"Transform"}],"nm":"Group 1","np":2,"cix":2,"bm":0,"ix":1,"mn":"ADBE Vector Group","hd":false}],"ip":0,"op":60,"st":0,"bm":0},{"ddd":0,"ind":10,"ty":4,"nm":"4+","parent":1,"sr":1,"ks":{"o":{"a":1,"k":[{"i":{"x":[0.667],"y":[1]},"o":{"x":[0.333],"y":[0]},"t":0,"s":[100]},{"i":{"x":[0.667],"y":[1]},"o":{"x":[0.333],"y":[0]},"t":10,"s":[80]},{"i":{"x":[0.667],"y":[1]},"o":{"x":[0.333],"y":[0]},"t":20,"s":[100]},{"i":{"x":[0.667],"y":[1]},"o":{"x":[0.333],"y":[0]},"t":30,"s":[60]},{"i":{"x":[0.667],"y":[1]},"o":{"x":[0.333],"y":[0]},"t":40,"s":[100]},{"i":{"x":[0.667],"y":[1]},"o":{"x":[0.333],"y":[0]},"t":50,"s":[80]},{"t":60,"s":[90]}],"ix":11},"r":{"a":0,"k":205.932,"ix":10},"p":{"a":0,"k":[10.89,130.642,0],"ix":2},"a":{"a":0,"k":[0,20.75,0],"ix":1},"s":{"a":0,"k":[100,100,100],"ix":6}},"ao":0,"shapes":[{"ty":"gr","it":[{"ind":0,"ty":"sh","ix":1,"ks":{"a":1,"k":[{"i":{"x":0.667,"y":1},"o":{"x":0.167,"y":0.167},"t":42,"s":[{"i":[[-3.525,0],[0,3.525],[0,0],[3.525,0],[0,-3.525],[0,0]],"o":[[3.525,0],[0,0],[0,-3.525],[-3.525,0],[0,0],[0,3.525]],"v":[[0,21.319],[6.383,14.936],[6.383,-7.686],[0,-14.069],[-6.383,-7.686],[-6.383,14.936]],"c":true}]},{"i":{"x":0.667,"y":1},"o":{"x":0.333,"y":0},"t":50,"s":[{"i":[[-3.525,0],[0,3.525],[0,0],[3.525,0],[0,-3.525],[0,0]],"o":[[3.525,0],[0,0],[0,-3.525],[-3.525,0],[0,0],[0,3.525]],"v":[[0,21.319],[6.383,14.936],[6.383,-0.561],[0,-6.944],[-6.383,-0.561],[-6.383,14.936]],"c":true}]},{"t":57,"s":[{"i":[[-3.525,0],[0,3.525],[0,0],[3.525,0],[0,-3.525],[0,0]],"o":[[3.525,0],[0,0],[0,-3.525],[-3.525,0],[0,0],[0,3.525]],"v":[[0,21.319],[6.383,14.936],[6.383,-7.686],[0,-14.069],[-6.383,-7.686],[-6.383,14.936]],"c":true}]}],"ix":2},"nm":"Path 1","mn":"ADBE Vector Shape - Group","hd":false},{"ty":"gf","o":{"a":0,"k":100,"ix":10},"r":1,"bm":0,"g":{"p":3,"k":{"a":0,"k":[0,0.992,0.332,0.005,0.5,0.981,0.456,0.006,1,0.969,0.581,0.006],"ix":9}},"s":{"a":0,"k":[-1,20.468],"ix":5},"e":{"a":0,"k":[-1,-22.17],"ix":6},"t":1,"nm":"Gradient Fill 1","mn":"ADBE Vector Graphic - G-Fill","hd":false},{"ty":"tr","p":{"a":0,"k":[0,21.25],"ix":2},"a":{"a":0,"k":[0,21.25],"ix":1},"s":{"a":0,"k":[100,100],"ix":3},"r":{"a":0,"k":0,"ix":6},"o":{"a":0,"k":100,"ix":7},"sk":{"a":0,"k":0,"ix":4},"sa":{"a":0,"k":0,"ix":5},"nm":"Transform"}],"nm":"Group 1","np":2,"cix":2,"bm":0,"ix":1,"mn":"ADBE Vector Group","hd":false}],"ip":0,"op":60,"st":0,"bm":0},{"ddd":0,"ind":11,"ty":4,"nm":"3+","parent":1,"sr":1,"ks":{"o":{"a":1,"k":[{"i":{"x":[0.667],"y":[1]},"o":{"x":[0.333],"y":[0]},"t":0,"s":[100]},{"i":{"x":[0.667],"y":[1]},"o":{"x":[0.333],"y":[0]},"t":10,"s":[80]},{"i":{"x":[0.667],"y":[1]},"o":{"x":[0.333],"y":[0]},"t":20,"s":[100]},{"i":{"x":[0.667],"y":[1]},"o":{"x":[0.333],"y":[0]},"t":30,"s":[60]},{"i":{"x":[0.667],"y":[1]},"o":{"x":[0.333],"y":[0]},"t":40,"s":[100]},{"i":{"x":[0.667],"y":[1]},"o":{"x":[0.333],"y":[0]},"t":50,"s":[80]},{"t":60,"s":[90]}],"ix":11},"r":{"a":0,"k":175.971,"ix":10},"p":{"a":0,"k":[56.099,139.143,0],"ix":2},"a":{"a":0,"k":[0,20.75,0],"ix":1},"s":{"a":0,"k":[100,100,100],"ix":6}},"ao":0,"shapes":[{"ty":"gr","it":[{"ind":0,"ty":"sh","ix":1,"ks":{"a":1,"k":[{"i":{"x":0.667,"y":1},"o":{"x":0.167,"y":0.167},"t":17,"s":[{"i":[[-3.525,0],[0,3.525],[0,0],[3.525,0],[0,-3.525],[0,0]],"o":[[3.525,0],[0,0],[0,-3.525],[-3.525,0],[0,0],[0,3.525]],"v":[[0,21.319],[6.383,14.936],[6.383,8.564],[0,2.181],[-6.383,8.564],[-6.383,14.936]],"c":true}]},{"i":{"x":0.667,"y":1},"o":{"x":0.333,"y":0},"t":25,"s":[{"i":[[-3.525,0],[0,3.525],[0,0],[3.525,0],[0,-3.525],[0,0]],"o":[[3.525,0],[0,0],[0,-3.525],[-3.525,0],[0,0],[0,3.525]],"v":[[0,21.319],[6.383,14.936],[6.383,-8.32],[0,-14.703],[-6.383,-8.32],[-6.383,14.936]],"c":true}]},{"t":32,"s":[{"i":[[-3.525,0],[0,3.525],[0,0],[3.525,0],[0,-3.525],[0,0]],"o":[[3.525,0],[0,0],[0,-3.525],[-3.525,0],[0,0],[0,3.525]],"v":[[0,21.319],[6.383,14.936],[6.383,8.564],[0,2.181],[-6.383,8.564],[-6.383,14.936]],"c":true}]}],"ix":2},"nm":"Path 1","mn":"ADBE Vector Shape - Group","hd":false},{"ty":"gf","o":{"a":0,"k":100,"ix":10},"r":1,"bm":0,"g":{"p":3,"k":{"a":0,"k":[0,0.992,0.332,0.005,0.5,0.981,0.456,0.006,1,0.969,0.581,0.006],"ix":9}},"s":{"a":0,"k":[-1,20.468],"ix":5},"e":{"a":0,"k":[-1,-22.17],"ix":6},"t":1,"nm":"Gradient Fill 1","mn":"ADBE Vector Graphic - G-Fill","hd":false},{"ty":"tr","p":{"a":0,"k":[0,21.25],"ix":2},"a":{"a":0,"k":[0,21.25],"ix":1},"s":{"a":0,"k":[100,100],"ix":3},"r":{"a":0,"k":0,"ix":6},"o":{"a":0,"k":100,"ix":7},"sk":{"a":0,"k":0,"ix":4},"sa":{"a":0,"k":0,"ix":5},"nm":"Transform"}],"nm":"Group 1","np":2,"cix":2,"bm":0,"ix":1,"mn":"ADBE Vector Group","hd":false}],"ip":0,"op":60,"st":0,"bm":0},{"ddd":0,"ind":12,"ty":4,"nm":"2+","parent":1,"sr":1,"ks":{"o":{"a":1,"k":[{"i":{"x":[0.667],"y":[1]},"o":{"x":[0.333],"y":[0]},"t":0,"s":[100]},{"i":{"x":[0.667],"y":[1]},"o":{"x":[0.333],"y":[0]},"t":10,"s":[80]},{"i":{"x":[0.667],"y":[1]},"o":{"x":[0.333],"y":[0]},"t":20,"s":[100]},{"i":{"x":[0.667],"y":[1]},"o":{"x":[0.333],"y":[0]},"t":30,"s":[60]},{"i":{"x":[0.667],"y":[1]},"o":{"x":[0.333],"y":[0]},"t":40,"s":[100]},{"i":{"x":[0.667],"y":[1]},"o":{"x":[0.333],"y":[0]},"t":50,"s":[80]},{"t":60,"s":[90]}],"ix":11},"r":{"a":0,"k":145.933,"ix":10},"p":{"a":0,"k":[100.378,124.118,0],"ix":2},"a":{"a":0,"k":[0,20.75,0],"ix":1},"s":{"a":0,"k":[100,100,100],"ix":6}},"ao":0,"shapes":[{"ty":"gr","it":[{"ind":0,"ty":"sh","ix":1,"ks":{"a":1,"k":[{"i":{"x":0.667,"y":1},"o":{"x":0.167,"y":0.167},"t":8,"s":[{"i":[[-3.525,0],[0,3.525],[0,0],[3.525,0],[0,-3.525],[0,0]],"o":[[3.525,0],[0,0],[0,-3.525],[-3.525,0],[0,0],[0,3.525]],"v":[[0,21.319],[6.383,14.936],[6.383,-1.186],[0,-7.569],[-6.383,-1.186],[-6.383,14.936]],"c":true}]},{"i":{"x":0.667,"y":1},"o":{"x":0.333,"y":0},"t":16,"s":[{"i":[[-3.525,0],[0,3.525],[0,0],[3.525,0],[0,-3.525],[0,0]],"o":[[3.525,0],[0,0],[0,-3.525],[-3.525,0],[0,0],[0,3.525]],"v":[[0,21.319],[6.383,14.936],[6.391,-11.21],[0.008,-17.593],[-6.375,-11.21],[-6.383,14.936]],"c":true}]},{"i":{"x":0.833,"y":1},"o":{"x":0.167,"y":0},"t":23,"s":[{"i":[[-3.525,0],[0,3.525],[0,0],[3.525,0],[0,-3.525],[0,0]],"o":[[3.525,0],[0,0],[0,-3.525],[-3.525,0],[0,0],[0,3.525]],"v":[[0,21.319],[6.383,14.936],[6.383,-1.186],[0,-7.569],[-6.383,-1.186],[-6.383,14.936]],"c":true}]},{"i":{"x":0.667,"y":1},"o":{"x":0.167,"y":0.167},"t":36,"s":[{"i":[[-3.525,0],[0,3.525],[0,0],[3.525,0],[0,-3.525],[0,0]],"o":[[3.525,0],[0,0],[0,-3.525],[-3.525,0],[0,0],[0,3.525]],"v":[[0,21.319],[6.383,14.936],[6.383,-1.186],[0,-7.569],[-6.383,-1.186],[-6.383,14.936]],"c":true}]},{"i":{"x":0.667,"y":1},"o":{"x":0.333,"y":0},"t":44,"s":[{"i":[[-3.525,0],[0,3.525],[0,0],[3.525,0],[0,-3.525],[0,0]],"o":[[3.525,0],[0,0],[0,-3.525],[-3.525,0],[0,0],[0,3.525]],"v":[[0,21.319],[6.383,14.936],[6.391,-11.21],[0.008,-17.593],[-6.375,-11.21],[-6.383,14.936]],"c":true}]},{"t":51,"s":[{"i":[[-3.525,0],[0,3.525],[0,0],[3.525,0],[0,-3.525],[0,0]],"o":[[3.525,0],[0,0],[0,-3.525],[-3.525,0],[0,0],[0,3.525]],"v":[[0,21.319],[6.383,14.936],[6.383,-1.186],[0,-7.569],[-6.383,-1.186],[-6.383,14.936]],"c":true}]}],"ix":2},"nm":"Path 1","mn":"ADBE Vector Shape - Group","hd":false},{"ty":"gf","o":{"a":0,"k":100,"ix":10},"r":1,"bm":0,"g":{"p":3,"k":{"a":0,"k":[0,0.992,0.332,0.005,0.5,0.981,0.456,0.006,1,0.969,0.581,0.006],"ix":9}},"s":{"a":0,"k":[-1,20.468],"ix":5},"e":{"a":0,"k":[-1,-22.17],"ix":6},"t":1,"nm":"Gradient Fill 1","mn":"ADBE Vector Graphic - G-Fill","hd":false},{"ty":"tr","p":{"a":0,"k":[0,21.25],"ix":2},"a":{"a":0,"k":[0,21.25],"ix":1},"s":{"a":0,"k":[100,100],"ix":3},"r":{"a":0,"k":0,"ix":6},"o":{"a":0,"k":100,"ix":7},"sk":{"a":0,"k":0,"ix":4},"sa":{"a":0,"k":0,"ix":5},"nm":"Transform"}],"nm":"Group 1","np":2,"cix":2,"bm":0,"ix":1,"mn":"ADBE Vector Group","hd":false}],"ip":0,"op":60,"st":0,"bm":0},{"ddd":0,"ind":13,"ty":4,"nm":"1","parent":1,"sr":1,"ks":{"o":{"a":1,"k":[{"i":{"x":[0.667],"y":[1]},"o":{"x":[0.333],"y":[0]},"t":0,"s":[100]},{"i":{"x":[0.667],"y":[1]},"o":{"x":[0.333],"y":[0]},"t":10,"s":[80]},{"i":{"x":[0.667],"y":[1]},"o":{"x":[0.333],"y":[0]},"t":20,"s":[100]},{"i":{"x":[0.667],"y":[1]},"o":{"x":[0.333],"y":[0]},"t":30,"s":[60]},{"i":{"x":[0.667],"y":[1]},"o":{"x":[0.333],"y":[0]},"t":40,"s":[100]},{"i":{"x":[0.667],"y":[1]},"o":{"x":[0.333],"y":[0]},"t":50,"s":[80]},{"t":60,"s":[90]}],"ix":11},"r":{"a":0,"k":115.932,"ix":10},"p":{"a":0,"k":[130.685,89.234,0],"ix":2},"a":{"a":0,"k":[0,20.75,0],"ix":1},"s":{"a":0,"k":[100,100,100],"ix":6}},"ao":0,"shapes":[{"ty":"gr","it":[{"ind":0,"ty":"sh","ix":1,"ks":{"a":1,"k":[{"i":{"x":0.667,"y":1},"o":{"x":0.167,"y":0.167},"t":2,"s":[{"i":[[-3.525,0],[0,3.525],[0,0],[3.525,0],[0,-3.525],[0,0]],"o":[[3.525,0],[0,0],[0,-3.525],[-3.525,0],[0,0],[0,3.525]],"v":[[0,21.319],[6.383,14.936],[6.383,-14.936],[0,-21.319],[-6.383,-14.936],[-6.383,14.936]],"c":true}]},{"i":{"x":0.833,"y":0.833},"o":{"x":0.333,"y":0},"t":9.5,"s":[{"i":[[-3.525,0],[0,3.525],[0,0],[3.525,0],[0,-3.525],[0,0]],"o":[[3.525,0],[0,0],[0,-3.525],[-3.525,0],[0,0],[0,3.525]],"v":[[0,21.319],[6.383,14.936],[6.383,-0.561],[0,-6.944],[-6.383,-0.561],[-6.383,14.936]],"c":true}]},{"t":17,"s":[{"i":[[-3.525,0],[0,3.525],[0,0],[3.525,0],[0,-3.525],[0,0]],"o":[[3.525,0],[0,0],[0,-3.525],[-3.525,0],[0,0],[0,3.525]],"v":[[0,21.319],[6.383,14.936],[6.383,-15.374],[0,-21.757],[-6.383,-15.374],[-6.383,14.936]],"c":true}]}],"ix":2},"nm":"Path 1","mn":"ADBE Vector Shape - Group","hd":false},{"ty":"gf","o":{"a":0,"k":100,"ix":10},"r":1,"bm":0,"g":{"p":3,"k":{"a":0,"k":[0,0.992,0.332,0.005,0.5,0.981,0.456,0.006,1,0.969,0.581,0.006],"ix":9}},"s":{"a":0,"k":[-1,20.468],"ix":5},"e":{"a":0,"k":[-1,-22.17],"ix":6},"t":1,"nm":"Gradient Fill 1","mn":"ADBE Vector Graphic - G-Fill","hd":false},{"ty":"tr","p":{"a":0,"k":[0,21.25],"ix":2},"a":{"a":0,"k":[0,21.25],"ix":1},"s":{"a":0,"k":[100,100],"ix":3},"r":{"a":0,"k":0,"ix":6},"o":{"a":0,"k":100,"ix":7},"sk":{"a":0,"k":0,"ix":4},"sa":{"a":0,"k":0,"ix":5},"nm":"Transform"}],"nm":"Group 1","np":2,"cix":2,"bm":0,"ix":1,"mn":"ADBE Vector Group","hd":false}],"ip":0,"op":60,"st":0,"bm":0},{"ddd":0,"ind":14,"ty":4,"nm":"circle","sr":1,"ks":{"o":{"a":0,"k":100,"ix":11},"r":{"a":1,"k":[{"i":{"x":[0.833],"y":[0.833]},"o":{"x":[0.167],"y":[0.167]},"t":0,"s":[0]},{"t":59,"s":[360]}],"ix":10},"p":{"a":0,"k":[150,150,0],"ix":2},"a":{"a":0,"k":[0,0,0],"ix":1},"s":{"a":0,"k":[100,100,100],"ix":6}},"ao":0,"shapes":[{"ty":"gr","it":[{"ind":0,"ty":"sh","ix":1,"ks":{"a":0,"k":{"i":[[0,-46.944],[46.944,0],[0,46.944],[-46.944,0]],"o":[[0,46.944],[-46.944,0],[0,-46.944],[46.944,0]],"v":[[85,0],[0,85],[-85,0],[0,-85]],"c":true},"ix":2},"nm":"Path 1","mn":"ADBE Vector Shape - Group","hd":false},{"ty":"gf","o":{"a":0,"k":100,"ix":10},"r":1,"bm":0,"g":{"p":3,"k":{"a":0,"k":[0,0.944,0.838,0.008,0.5,0.957,0.71,0.007,1,0.969,0.581,0.006],"ix":9}},"s":{"a":0,"k":[-85,0],"ix":5},"e":{"a":0,"k":[85,0],"ix":6},"t":1,"nm":"Gradient Fill 1","mn":"ADBE Vector Graphic - G-Fill","hd":false},{"ty":"tr","p":{"a":0,"k":[0,0],"ix":2},"a":{"a":0,"k":[0,0],"ix":1},"s":{"a":0,"k":[100,100],"ix":3},"r":{"a":0,"k":0,"ix":6},"o":{"a":0,"k":100,"ix":7},"sk":{"a":0,"k":0,"ix":4},"sa":{"a":0,"k":0,"ix":5},"nm":"Transform"}],"nm":"Group 1","np":2,"cix":2,"bm":0,"ix":1,"mn":"ADBE Vector Group","hd":false}],"ip":0,"op":60,"st":0,"bm":0}],"markers":[]}